[
	{
		"email": "karandavey@gmail.com",
		"score": "382.00"
	},
	{
		"email": "vijaaykumaaresan@gmail.com",
		"score": "370.00"
	},
	{
		"email": "rhnsharma999@gmail.com",
		"score": "357.50"
	},
	{
		"email": "prabhat.singh374@gmail.com",
		"score": "349.50"
	},
	{
		"email": "adityachoudhary.jsr@gmail.com",
		"score": "342.50"
	},
	{
		"email": "snehasishdawn29@gmail.com",
		"score": "330.00"
	},
	{
		"email": "mshivam98@gmail.com",
		"score": "328.00"
	},
	{
		"email": "adityagupta97.ag@gmail.com",
		"score": "327.50"
	},
	{
		"email": "sivaneshashok@gmail.com",
		"score": "322.50"
	},
	{
		"email": "appusai16@gmail.com",
		"score": "315.00"
	},
	{
		"email": "sidhu.n.india@gmail.com",
		"score": "315.00"
	},
	{
		"email": "rishavguptarsm@gmail.com",
		"score": "302.50"
	},
	{
		"email": "haqueahmer@gmail.com",
		"score": "302.50"
	},
	{
		"email": "theevil.ashish@gmail.com",
		"score": "299.00"
	},
	{
		"email": "dipika.rajesh@gmail.com",
		"score": "297.50"
	},
	{
		"email": "jonam1997@gmail.com",
		"score": "290.00"
	},
	{
		"email": "akamet5707@gmail.com",
		"score": "290.00"
	},
	{
		"email": "raghav.sp98@gmail.com",
		"score": "290.00"
	},
	{
		"email": "ankitbhanja79@gmail.com",
		"score": "282.50"
	},
	{
		"email": "ad733943@gmail.com",
		"score": "279.00"
	},
	{
		"email": "aeybee00@gmail.com",
		"score": "275.50"
	},
	{
		"email": "biswas.anuvab@gmail.com",
		"score": "275.00"
	},
	{
		"email": "kushagra12mangal@gmail.com",
		"score": "275.00"
	},
	{
		"email": "himaja97@gmail.com",
		"score": "272.50"
	},
	{
		"email": "ritvikjain2@gmail.com",
		"score": "258.00"
	},
	{
		"email": "vijayprasanna66@gmail.com",
		"score": "258.00"
	},
	{
		"email": "superbps26@gmail.com",
		"score": "250.00"
	},
	{
		"email": "hari.saravanan1998@gmail.com",
		"score": "250.00"
	},
	{
		"email": "ayushverma111@gmail.com",
		"score": "250.00"
	},
	{
		"email": "nihalanisumit@gmail.com",
		"score": "250.00"
	},
	{
		"email": "bharatgoel36@gmail.com",
		"score": "247.50"
	},
	{
		"email": "pankajkundu9@gmail.com",
		"score": "245.00"
	},
	{
		"email": "narayanasuri08@gmail.com",
		"score": "245.00"
	},
	{
		"email": "rajeshsvce10@gmail.com",
		"score": "242.50"
	},
	{
		"email": "vishnu2981997@gmail.com",
		"score": "240.00"
	},
	{
		"email": "pspbot7@gmail.com",
		"score": "240.00"
	},
	{
		"email": "somnathfreak007@gmail.com",
		"score": "235.00"
	},
	{
		"email": "mohanagh@gmail.com",
		"score": "232.50"
	},
	{
		"email": "utsav.nandi@gmail.com",
		"score": "230.00"
	},
	{
		"email": "rajatairi_ra@srmuniv.edu.in",
		"score": "225.00"
	},
	{
		"email": "abarvindbedi@gmail.com",
		"score": "220.00"
	},
	{
		"email": "prashantagarwal@live.in",
		"score": "220.00"
	},
	{
		"email": "sauravsaha48@gmail.com",
		"score": "217.50"
	},
	{
		"email": "vatsalkhandelwal.96@gmail.com",
		"score": "205.00"
	},
	{
		"email": "nikkuagartaniya@gmail.com",
		"score": "200.00"
	},
	{
		"email": "vishal.a.burman23@gmail.com",
		"score": "195.00"
	},
	{
		"email": "sohammalhar@gmail.com",
		"score": "192.50"
	},
	{
		"email": "limburaj65@gmail.com",
		"score": "190.00"
	},
	{
		"email": "kimothiaman@gmail.com",
		"score": "190.00"
	},
	{
		"email": "amansharma33.as@gmail.com",
		"score": "190.00"
	},
	{
		"email": "saransh808@gmail.com",
		"score": "190.00"
	},
	{
		"email": "kohadahasan@gmail.com",
		"score": "190.00"
	},
	{
		"email": "yashwork06@gmail.com",
		"score": "189.50"
	},
	{
		"email": "menariarahul24@gmail.com",
		"score": "188.00"
	},
	{
		"email": "abhijitmondal53@gmail.com",
		"score": "182.50"
	},
	{
		"email": "sshardul007@gmail.com",
		"score": "177.50"
	},
	{
		"email": "mayankkhandelwal187@gmail.com",
		"score": "175.00"
	},
	{
		"email": "ahmadfaheem981@gmail.com",
		"score": "175.00"
	},
	{
		"email": "saket.tna@gmail.com",
		"score": "175.00"
	},
	{
		"email": "01.shouvik@gmail.com",
		"score": "172.50"
	},
	{
		"email": "smilewithsiddharth@gmail.com",
		"score": "170.00"
	},
	{
		"email": "yadhuksp@gmail.com",
		"score": "170.00"
	},
	{
		"email": "punk.suman422@gmail.com",
		"score": "170.00"
	},
	{
		"email": "keshavaditya26896@gmail.com",
		"score": "167.50"
	},
	{
		"email": "menonakhil90@gmail.com",
		"score": "165.00"
	},
	{
		"email": "garg.shivam999@gmail.com",
		"score": "165.00"
	},
	{
		"email": "akashsara69@gmail.com",
		"score": "165.00"
	},
	{
		"email": "singh.shobhit007@gmail.com",
		"score": "159.50"
	},
	{
		"email": "supratikdevm96@gmail.com",
		"score": "157.50"
	},
	{
		"email": "saurabh.s.chheda@outlook.com",
		"score": "157.50"
	},
	{
		"email": "vns5733@gmail.com",
		"score": "157.50"
	},
	{
		"email": "gauthsvenkat@yahoo.com",
		"score": "155.00"
	},
	{
		"email": "vinay00sah@gmail.com",
		"score": "153.00"
	},
	{
		"email": "jashaulkumar@yahoo.com",
		"score": "152.50"
	},
	{
		"email": "akworks01@gmail.com",
		"score": "150.00"
	},
	{
		"email": "ababhirupbose21@gmail.com",
		"score": "150.00"
	},
	{
		"email": "karthikjayakumar5598@gmail.com",
		"score": "149.50"
	},
	{
		"email": "a.d.siddhaarthan@gmail.com",
		"score": "147.50"
	},
	{
		"email": "mohammedmoiz_mo@srmuniv.edu.in",
		"score": "147.50"
	},
	{
		"email": "vaibhavbwj9@gmail.com",
		"score": "147.50"
	},
	{
		"email": "chandranih96@gmail.com",
		"score": "145.00"
	},
	{
		"email": "ayushirathi1981@gmail.com",
		"score": "145.00"
	},
	{
		"email": "ssaipavan1998@gmail.com",
		"score": "142.50"
	},
	{
		"email": "suryaprabhakar41@gmail.com",
		"score": "140.50"
	},
	{
		"email": "rr66520@gmail.com",
		"score": "140.00"
	},
	{
		"email": "nupstan@gmail.com",
		"score": "140.00"
	},
	{
		"email": "yaggarwal58@gmail.com",
		"score": "137.00"
	},
	{
		"email": "itsron143@gmail.com",
		"score": "135.00"
	},
	{
		"email": "dhairyaagarwal55@gmail.com",
		"score": "135.00"
	},
	{
		"email": "achirapal06@gmail.com",
		"score": "135.00"
	},
	{
		"email": "mizuhashi05@gmail.com",
		"score": "135.00"
	},
	{
		"email": "arsh19batra@gmail.com",
		"score": "135.00"
	},
	{
		"email": "adarshm97@outlook.com",
		"score": "132.50"
	},
	{
		"email": "nandiaranya18@gmail.com",
		"score": "127.50"
	},
	{
		"email": "suppu.pandey@gmail.com",
		"score": "127.50"
	},
	{
		"email": "a.agarwal2796@gmail.com",
		"score": "127.50"
	},
	{
		"email": "zoya.yasin@gmail.com",
		"score": "125.00"
	},
	{
		"email": "rvishwakarthik@gmail.com",
		"score": "125.00"
	},
	{
		"email": "raviskumawat20@gmail.com",
		"score": "122.50"
	},
	{
		"email": "sidhant.nayak2501@gmail.com",
		"score": "120.00"
	},
	{
		"email": "shubamsrmite@gmail.com",
		"score": "120.00"
	},
	{
		"email": "naik.darsh729@gmail.com",
		"score": "120.00"
	},
	{
		"email": "harshsc007@gmail.com",
		"score": "120.00"
	},
	{
		"email": "mzm.moazam@gmail.com",
		"score": "115.00"
	},
	{
		"email": "arjun.mahishi@gmail.com",
		"score": "115.00"
	},
	{
		"email": "priyanshu471997@gmail.com",
		"score": "115.00"
	},
	{
		"email": "aaditya610@gmail.com",
		"score": "115.00"
	},
	{
		"email": "abhideepm@gmail.com",
		"score": "113.00"
	},
	{
		"email": "kr.anand.srm@gmail.com",
		"score": "110.00"
	},
	{
		"email": "hari.r.nallan@gmail.com",
		"score": "110.00"
	},
	{
		"email": "namangarg.work@gmail.com",
		"score": "107.50"
	},
	{
		"email": "ishanalways@gmail.com",
		"score": "105.00"
	},
	{
		"email": "rk080299@gmail.com",
		"score": "105.00"
	},
	{
		"email": "mad4jak@gmail.com",
		"score": "105.00"
	},
	{
		"email": "anant.srivastava1508@gmail.com",
		"score": "100.00"
	},
	{
		"email": "harshdevyani31@gmail.com",
		"score": "100.00"
	},
	{
		"email": "architbansal35@gmail.com",
		"score": "99.50"
	},
	{
		"email": "shangkaul@gmail.com",
		"score": "97.50"
	},
	{
		"email": "tanaytoshniwal98@gmail.com",
		"score": "95.00"
	},
	{
		"email": "sgr.saini@gmail.com",
		"score": "95.00"
	},
	{
		"email": "nishit.hada@gmail.com",
		"score": "95.00"
	},
	{
		"email": "snap43218@gmail.com",
		"score": "95.00"
	},
	{
		"email": "ragzy15@gmail.com",
		"score": "92.50"
	},
	{
		"email": "mailtoproma@gmail.com",
		"score": "90.00"
	},
	{
		"email": "nehaunni8@gmail.com",
		"score": "90.00"
	},
	{
		"email": "arjun_aravind98@yahoo.in",
		"score": "90.00"
	},
	{
		"email": "utkarsh96khanna@gmail.com",
		"score": "90.00"
	},
	{
		"email": "rushil_vinod@srmuniv.edu.in",
		"score": "90.00"
	},
	{
		"email": "rishabhgoel9797@gmail.com",
		"score": "90.00"
	},
	{
		"email": "bittu0103@gmail.com",
		"score": "88.00"
	},
	{
		"email": "rbhatia4245@gmail.com",
		"score": "85.00"
	},
	{
		"email": "ananyargj@gmail.com",
		"score": "85.00"
	},
	{
		"email": "ap2205@gmail.com",
		"score": "85.00"
	},
	{
		"email": "adijinu2010@gmail.com",
		"score": "85.00"
	},
	{
		"email": "vidu15sehgal@gmail.com",
		"score": "82.50"
	},
	{
		"email": "tejasv2098@outlook.com",
		"score": "80.00"
	},
	{
		"email": "mattavidhant@gmail.com",
		"score": "80.00"
	},
	{
		"email": "rushanmukherjee@gmail.com",
		"score": "80.00"
	},
	{
		"email": "tammydaxx2015@gmail.com",
		"score": "80.00"
	},
	{
		"email": "harisriguhans@gmail.com",
		"score": "77.50"
	},
	{
		"email": "yash7121989@hotmail.com",
		"score": "75.00"
	},
	{
		"email": "aamansrivastava25@gmail.com",
		"score": "75.00"
	},
	{
		"email": "elaserph17@gmail.com",
		"score": "75.00"
	},
	{
		"email": "himanshu.rathod1998@gmail.com",
		"score": "75.00"
	},
	{
		"email": "patnaikdinesh44@gmail.com",
		"score": "72.50"
	},
	{
		"email": "tarunsharma2234@gmail.com",
		"score": "70.00"
	},
	{
		"email": "tanayaj1998@gmail.com",
		"score": "70.00"
	},
	{
		"email": "samy1541998@gmail.com",
		"score": "70.00"
	},
	{
		"email": "mollikachttrj1@gmail.com",
		"score": "67.50"
	},
	{
		"email": "pawandhanwani@gmail.com",
		"score": "67.50"
	},
	{
		"email": "atriraha@gmail.com",
		"score": "67.50"
	},
	{
		"email": "gbharatwaj@yahoo.com",
		"score": "65.00"
	},
	{
		"email": "harsh.didwania@yahoo.com",
		"score": "65.00"
	},
	{
		"email": "stant581@gmail.com",
		"score": "65.00"
	},
	{
		"email": "nishantpal77@gmail.com",
		"score": "65.00"
	},
	{
		"email": "vsomani2@gmail.com",
		"score": "65.00"
	},
	{
		"email": "thedexterinc@gmail.com",
		"score": "65.00"
	},
	{
		"email": "abhishek.k1308@gmail.com",
		"score": "65.00"
	},
	{
		"email": "sriparnadas101@gmail.com",
		"score": "65.00"
	},
	{
		"email": "ved.parvez2@gmail.com",
		"score": "62.50"
	},
	{
		"email": "abhaykhattar2016@gmail.com",
		"score": "62.50"
	},
	{
		"email": "palanivigneshwar_pa@srmuniv.edu.in",
		"score": "60.00"
	},
	{
		"email": "yashtandon019@gmail.com",
		"score": "60.00"
	},
	{
		"email": "coolout.srivastava@gmail.com",
		"score": "60.00"
	},
	{
		"email": "kushaldbs@gmail.com",
		"score": "60.00"
	},
	{
		"email": "codedbylakshmi@gmail.com",
		"score": "60.00"
	},
	{
		"email": "vishnukumarvh10@gmail.com",
		"score": "57.50"
	},
	{
		"email": "hiteshchrd@gmail.com",
		"score": "57.50"
	},
	{
		"email": "ankit.vimp15@gmail.com",
		"score": "57.50"
	},
	{
		"email": "boharan9@gmail.com",
		"score": "55.00"
	},
	{
		"email": "yash1412@gmail.com",
		"score": "55.00"
	},
	{
		"email": "abhashsthaofficial@outlook.com",
		"score": "55.00"
	},
	{
		"email": "avantikasarkar18@gmail.com",
		"score": "55.00"
	},
	{
		"email": "gcshusandesh@gmail.com",
		"score": "55.00"
	},
	{
		"email": "sahil99.qur@gmail.com",
		"score": "54.50"
	},
	{
		"email": "somyaranjansahani@gmail.com",
		"score": "52.50"
	},
	{
		"email": "mumuksh.bhargava@gmail.com",
		"score": "50.00"
	},
	{
		"email": "divyanshagrawal96@gmail.com",
		"score": "50.00"
	},
	{
		"email": "yash.tantia3@gmail.com",
		"score": "50.00"
	},
	{
		"email": "ankitkishore12@gmail.com",
		"score": "45.00"
	},
	{
		"email": "saumya.awasthi2210@gmail.com",
		"score": "45.00"
	},
	{
		"email": "ayushroy298@gmail.com",
		"score": "45.00"
	},
	{
		"email": "laddhaparthj@gmail.com",
		"score": "45.00"
	},
	{
		"email": "jenny24savani@gmail.com",
		"score": "45.00"
	},
	{
		"email": "mrak4123@gmail.com",
		"score": "45.00"
	},
	{
		"email": "qureshishadab90@gmail.com",
		"score": "45.00"
	},
	{
		"email": "parthapratimnath_p@srmuniv.edu.in",
		"score": "40.00"
	},
	{
		"email": "yash9parekh@gmail.com",
		"score": "40.00"
	},
	{
		"email": "tamizhad@gmail.com",
		"score": "40.00"
	},
	{
		"email": "saditya_rs@srmuniv.edu.in",
		"score": "40.00"
	},
	{
		"email": "shreyaskar.srivastava@outlook.com",
		"score": "40.00"
	},
	{
		"email": "adityadev_vijay@srmuniv.edu.in",
		"score": "40.00"
	},
	{
		"email": "antassinha007@gmail.com",
		"score": "40.00"
	},
	{
		"email": "gurkeeratsondhi@gmail.com",
		"score": "37.50"
	},
	{
		"email": "iamkevadiarahul@gmail.com",
		"score": "37.50"
	},
	{
		"email": "appu.yess@gmail.com",
		"score": "35.00"
	},
	{
		"email": "abhinaba_abhijit@srmuniv.edu.in",
		"score": "35.00"
	},
	{
		"email": "abhishikakn@gmail.com",
		"score": "35.00"
	},
	{
		"email": "adithyatechpro@gmail.com",
		"score": "32.50"
	},
	{
		"email": "hairiya.suvi@gmail.com",
		"score": "30.00"
	},
	{
		"email": "gopalak1999@gmail.com",
		"score": "30.00"
	},
	{
		"email": "abhijith.ragh@gmail.com",
		"score": "30.00"
	},
	{
		"email": "harshaprince685@gmail.com",
		"score": "30.00"
	},
	{
		"email": "abiram.vyas@gmail.com",
		"score": "30.00"
	},
	{
		"email": "arkadeepbasu2@gmail.com",
		"score": "30.00"
	},
	{
		"email": "iamrahulgupta231@gmail.com",
		"score": "25.00"
	},
	{
		"email": "h.malhotra990@gmail.com",
		"score": "25.00"
	},
	{
		"email": "transphotonic@gmail.com",
		"score": "25.00"
	},
	{
		"email": "dhanya.baid@protonmail.com",
		"score": "25.00"
	},
	{
		"email": "deekondamanish@gmail.com",
		"score": "25.00"
	},
	{
		"email": "shreyaacharya205@gmail.com",
		"score": "25.00"
	},
	{
		"email": "karthikeyan.k97@gmail.com",
		"score": "25.00"
	},
	{
		"email": "vishesh_nirmal@srmuniv.edu.in",
		"score": "22.50"
	},
	{
		"email": "thinkervipin@gmail.com",
		"score": "22.50"
	},
	{
		"email": "dpkvshl@gmail.com",
		"score": "20.00"
	},
	{
		"email": "aakanksha.saini@gmail.com",
		"score": "20.00"
	},
	{
		"email": "sharmashivamlko47@gmail.com",
		"score": "20.00"
	},
	{
		"email": "sinha.himanshu8697@gmail.com",
		"score": "20.00"
	},
	{
		"email": "s.arunachalamsiva24@gmail.com",
		"score": "20.00"
	},
	{
		"email": "rahulkrishnan221@gmail.com",
		"score": "20.00"
	},
	{
		"email": "vickyarvind210@gmail.com",
		"score": "20.00"
	},
	{
		"email": "vs851998@gmail.com",
		"score": "20.00"
	},
	{
		"email": "mariammal.cg@gmail.com",
		"score": "20.00"
	},
	{
		"email": "sonipratishtha93@gmail.com",
		"score": "20.00"
	},
	{
		"email": "venkateshnaidu_na@srmuniv.edu.in",
		"score": "15.00"
	},
	{
		"email": "qureshiabrar92@gmail.com",
		"score": "15.00"
	},
	{
		"email": "shammo.ghosal@outlook.com",
		"score": "15.00"
	},
	{
		"email": "nikitagupta25@outlook.com",
		"score": "10.00"
	},
	{
		"email": "aaaorabhinav@gmail.com",
		"score": "10.00"
	},
	{
		"email": "jothicharanjothibabu@gmail.com",
		"score": "10.00"
	},
	{
		"email": "monuabhaysv@hackermail.com",
		"score": "10.00"
	},
	{
		"email": "divyarangarajan1512@gmail.com",
		"score": "5.00"
	},
	{
		"email": "nikhilraj1997@gmail.com",
		"score": "5.00"
	},
	{
		"email": "rajeevsumalayam@gmail.com",
		"score": "5.00"
	},
	{
		"email": "arunasreereddy006@gmail.com",
		"score": "5.00"
	},
	{
		"email": "ngdeveloper3434@gmail.com",
		"score": "0.00"
	},
	{
		"email": "mukherjeeabhisek03@gmail.com",
		"score": "0.00"
	},
	{
		"email": "manumisra@live.com",
		"score": "0.00"
	},
	{
		"email": "ukulkarni1998@gmail.com",
		"score": "0.00"
	},
	{
		"email": "durbha.neelesh99@ymail.com",
		"score": "0.00"
	},
	{
		"email": "dvnsh95@gmail.com",
		"score": "0.00"
	},
	{
		"email": "kaustubh.singh63@gmail.com",
		"score": "0.00"
	},
	{
		"email": "anshulsingh247@gmail.com",
		"score": "0.00"
	},
	{
		"email": "architbhandari.ab8@gmail.com",
		"score": "0.00"
	},
	{
		"email": "sreenivasarvind@gmail.com",
		"score": "0.00"
	},
	{
		"email": "garvitgupta96@gmail.com",
		"score": "0.00"
	},
	{
		"email": "myselfsugam@gmail.com",
		"score": "0.00"
	},
	{
		"email": "sparklingaravind1997@gmail.com",
		"score": "0.00"
	},
	{
		"email": "harvinder.dua12@gmail.com",
		"score": "0.00"
	},
	{
		"email": "sdutta1709@gmail.com",
		"score": "0.00"
	},
	{
		"email": "aporvashukla_shankar@srmuniv.edu.in",
		"score": "0.00"
	},
	{
		"email": "harshberry_pawan@srmuniv.edu.in",
		"score": "0.00"
	},
	{
		"email": "mihirkhandelwal36@gmail.com",
		"score": "0.00"
	},
	{
		"email": "shubhamgupta.3949@gmail.com",
		"score": "0.00"
	},
	{
		"email": "dvg199817@yahoo.in",
		"score": "0.00"
	},
	{
		"email": "coderises@gmail.com",
		"score": "0.00"
	},
	{
		"email": "garima11amu@gmail.com",
		"score": "0.00"
	},
	{
		"email": "rhitikkhanna_r@srmuniv.edu.in",
		"score": "0.00"
	},
	{
		"email": "getmymoon@gmail.com",
		"score": "0.00"
	},
	{
		"email": "richrikhil@gmail.com",
		"score": "0.00"
	},
	{
		"email": "sindhu0598@gmail.com",
		"score": "0.00"
	},
	{
		"email": "vsdhans@gmail.com",
		"score": "0.00"
	},
	{
		"email": "pavanreddy0611@gmail.com",
		"score": "0.00"
	},
	{
		"email": "bittusaurav333@gmail.com",
		"score": "0.00"
	},
	{
		"email": "msnithinncool@gmail.com",
		"score": "0.00"
	},
	{
		"email": "killermachine7@icloud.com",
		"score": "0.00"
	},
	{
		"email": "sergiokunagureo@gmail.com",
		"score": "0.00"
	},
	{
		"email": "ganesan.santhanam96@gmail.com",
		"score": "0.00"
	},
	{
		"email": "coolhawk97@gmail.com",
		"score": "0.00"
	},
	{
		"email": "allenchristo@gmail.com",
		"score": "0.00"
	},
	{
		"email": "srivastavaniyer@gmail.com",
		"score": "0.00"
	},
	{
		"email": "mspsuryaprakash1996@gmail.com",
		"score": "0.00"
	},
	{
		"email": "pratapraj056@gmail.com",
		"score": "0.00"
	},
	{
		"email": "anubhavbera_diganta@srmuniv.edu.in",
		"score": "0.00"
	},
	{
		"email": "sanjeevsiva17@gmail.com",
		"score": "0.00"
	},
	{
		"email": "sreevathsan10@gmail.com",
		"score": "0.00"
	},
	{
		"email": "ananthgarg@gmail.com",
		"score": "0.00"
	},
	{
		"email": "tusharjaiswal_sanjay@srmuniv.edu.in",
		"score": "0.00"
	},
	{
		"email": "mohitkarangiya@gmail.com",
		"score": "0.00"
	},
	{
		"email": "tarushi.dhiman@gmail.com",
		"score": "0.00"
	},
	{
		"email": "gmaharsh@yahoo.com",
		"score": "0.00"
	},
	{
		"email": "mks21998@gmail.com",
		"score": "0.00"
	},
	{
		"email": "ashutoshg909@gmail.com",
		"score": "0.00"
	},
	{
		"email": "sovithkothari_sureshkumar@srmuniv.edu.in",
		"score": "0.00"
	},
	{
		"email": "bopubomdi@gmail.com",
		"score": "0.00"
	},
	{
		"email": "nikilalakunta09031999@gmail.com",
		"score": "0.00"
	},
	{
		"email": "shivabhinav1999@gmail.com",
		"score": "0.00"
	},
	{
		"email": "ch.vipanchi@gmail.com",
		"score": "0.00"
	},
	{
		"email": "456anubhav@gmail.com",
		"score": "0.00"
	},
	{
		"email": "mrinmaykumardas@gmail.com",
		"score": "0.00"
	},
	{
		"email": "mayurkasliwal_sanmati@srmuniv.edu.in",
		"score": "0.00"
	},
	{
		"email": "reumaakhtar@gmail.com",
		"score": "0.00"
	},
	{
		"email": "abhishekuniyal09@gmail.com",
		"score": "0.00"
	},
	{
		"email": "ananyasundar21@gmail.com",
		"score": "0.00"
	},
	{
		"email": "shreayan_sameer@srmuniv.edu.in",
		"score": "0.00"
	},
	{
		"email": "sidjain1412@gmail.com",
		"score": "0.00"
	},
	{
		"email": "prabhukaippillil@gmail.com",
		"score": "0.00"
	},
	{
		"email": "sanjaythangaraj@gmail.com",
		"score": "0.00"
	},
	{
		"email": "reddymadhuri035@gmail.com",
		"score": "0.00"
	},
	{
		"email": "akshatuppal1@gmail.com",
		"score": "0.00"
	},
	{
		"email": "shubhamjain_satish@srmuniv.edu.in",
		"score": "0.00"
	}
]
