[{"meanScore": 0.0, "members": ["sdutta1709@gmail.com"], "teamId": "Rocks"},
{"meanScore": 0.0, "members": ["garima11amu@gmail.com"], "teamId": "Compsycho2298"},
{"meanScore": 0.0, "members": ["sreevathsan10@gmail.com"], "teamId": "theteamflash"},
{"meanScore": 25.0, "members": ["shreyaacharya205@gmail.com"], "teamId": "Shreya634"},
{"meanScore": 70.0, "members": ["sanjaythangaraj@gmail.com", "nehaunni8@gmail.com", "yash1412@gmail.com", "arsh19batra@gmail.com"], "teamId": "FireBlaze"},
{"meanScore": 155.625, "members": ["01.shouvik@gmail.com", "vishal.a.burman23@gmail.com", "saket.tna@gmail.com", "tejasv2098@outlook.com"], "teamId": "Humbleslayers"},
{"meanScore": 120.0, "members": ["harshsc007@gmail.com", "sidhant.nayak2501@gmail.com"], "teamId": "HalfTheMarauders"},
{"meanScore": 45.0, "members": ["laddhaparthj@gmail.com"], "teamId": "Maniacs"},
{"meanScore": 260.0, "members": ["kushagra12mangal@gmail.com", "narayanasuri08@gmail.com"], "teamId": "KMZENON"},
{"meanScore": 85.0, "members": ["ananyargj@gmail.com"], "teamId": "Awesome_coders"},
{"meanScore": 147.5, "members": ["a.d.siddhaarthan@gmail.com"], "teamId": "Lancelot"},
{"meanScore": 0.0, "members": ["gmaharsh@yahoo.com", "mohitkarangiya@gmail.com"], "teamId": "NtVirus"},
{"meanScore": 197.75, "members": ["mshivam98@gmail.com", "vijayprasanna66@gmail.com", "ankit.vimp15@gmail.com", "vaibhavbwj9@gmail.com"], "teamId": "voidstars"},
{"meanScore": 58.125, "members": ["pawandhanwani@gmail.com", "atriraha@gmail.com", "arkadeepbasu2@gmail.com", "mollikachttrj1@gmail.com"], "teamId": "debuggers"},
{"meanScore": 271.25, "members": ["adityagupta97.ag@gmail.com", "adityachoudhary.jsr@gmail.com", "rbhatia4245@gmail.com", "snehasishdawn29@gmail.com"], "teamId": "sum_of_a_bit"},
{"meanScore": 90.0, "members": ["rushil_vinod@srmuniv.edu.in"], "teamId": "X_Caliber"},
{"meanScore": 35.0, "members": ["shreayan_sameer@srmuniv.edu.in", "sidjain1412@gmail.com", "mad4jak@gmail.com"], "teamId": "Phantom"},
{"meanScore": 190.0, "members": ["limburaj65@gmail.com"], "teamId": "ThisIsIt"},
{"meanScore": 67.5, "members": ["palanivigneshwar_pa@srmuniv.edu.in", "aamansrivastava25@gmail.com"], "teamId": "TokyoGhoul"},
{"meanScore": 85.0, "members": ["abhishek.k1308@gmail.com", "architbansal35@gmail.com", "abhideepm@gmail.com", "abhaykhattar2016@gmail.com"], "teamId": "Code_ex"},
{"meanScore": 67.5, "members": ["ashutoshg909@gmail.com", "mizuhashi05@gmail.com"], "teamId": "ashu_909"},
{"meanScore": 64.16666666666667, "members": ["sanjeevsiva17@gmail.com", "appu.yess@gmail.com", "supratikdevm96@gmail.com"], "teamId": "DED_SEC"},
{"meanScore": 87.5, "members": ["priyanshu471997@gmail.com", "kushaldbs@gmail.com"], "teamId": "Code_breaker"},
{"meanScore": 169.0, "members": ["singh.shobhit007@gmail.com", "karthikjayakumar5598@gmail.com", "sshardul007@gmail.com", "yashwork06@gmail.com"], "teamId": "error404"},
{"meanScore": 20.0, "members": ["sonipratishtha93@gmail.com"], "teamId": "Team_coder"},
{"meanScore": 45.0, "members": ["ayushroy298@gmail.com"], "teamId": "ayush"},
{"meanScore": 19.375, "members": ["gurkeeratsondhi@gmail.com", "dhanya.baid@protonmail.com", "aaaorabhinav@gmail.com", "nikhilraj1997@gmail.com"], "teamId": "Skynet_Ver_2"},
{"meanScore": 36.666666666666664, "members": ["divyanshagrawal96@gmail.com", "qureshishadab90@gmail.com", "qureshiabrar92@gmail.com"], "teamId": "team_flash"},
{"meanScore": 106.25, "members": ["adijinu2010@gmail.com", "suppu.pandey@gmail.com"], "teamId": "CSE_3"},
{"meanScore": 0.0, "members": ["ukulkarni1998@gmail.com"], "teamId": "finite_loop"},
{"meanScore": 0.0, "members": ["anshulsingh247@gmail.com"], "teamId": "crazy_coder"},
{"meanScore": 0.0, "members": ["harvinder.dua12@gmail.com"], "teamId": "Jaffa"},
{"meanScore": 67.5, "members": ["harisriguhans@gmail.com", "vishnukumarvh10@gmail.com"], "teamId": "cash_me_outside_how_about_that"},
{"meanScore": 191.66666666666666, "members": ["appusai16@gmail.com", "jothicharanjothibabu@gmail.com", "hari.saravanan1998@gmail.com"], "teamId": "Nuxul"},
{"meanScore": 55.0, "members": ["gcshusandesh@gmail.com", "abhashsthaofficial@outlook.com", "boharan9@gmail.com"], "teamId": "Shyaal"},
{"meanScore": 62.5, "members": ["ved.parvez2@gmail.com"], "teamId": "lazy_leeches"},
{"meanScore": 50.125, "members": ["suryaprabhakar41@gmail.com", "harshaprince685@gmail.com", "shivabhinav1999@gmail.com", "abhijith.ragh@gmail.com"], "teamId": "hash_include"},
{"meanScore": 270.625, "members": ["sidhu.n.india@gmail.com", "gauthsvenkat@yahoo.com", "sivaneshashok@gmail.com", "raghav.sp98@gmail.com"], "teamId": "Alkaida"},
{"meanScore": 140.0, "members": ["vns5733@gmail.com", "raviskumawat20@gmail.com"], "teamId": "ANIME_FAN"},
{"meanScore": 90.0, "members": ["ragzy15@gmail.com", "vidu15sehgal@gmail.com", "nishit.hada@gmail.com", "utkarsh96khanna@gmail.com"], "teamId": "kumiisawesome"},
{"meanScore": 0.0, "members": ["dvnsh95@gmail.com"], "teamId": "cutoz"},
{"meanScore": 0.0, "members": ["coderises@gmail.com"], "teamId": "begin"},
{"meanScore": 7.5, "members": ["sovithkothari_sureshkumar@srmuniv.edu.in", "mayurkasliwal_sanmati@srmuniv.edu.in", "vishesh_nirmal@srmuniv.edu.in"], "teamId": "VMS_TheTechies"},
{"meanScore": 291.125, "members": ["prabhat.singh374@gmail.com", "karandavey@gmail.com", "menariarahul24@gmail.com", "pankajkundu9@gmail.com"], "teamId": "Decoders"},
{"meanScore": 0.0, "members": ["ananthgarg@gmail.com"], "teamId": "code_online"},
{"meanScore": 194.375, "members": ["sauravsaha48@gmail.com", "sohammalhar@gmail.com", "dhairyaagarwal55@gmail.com", "mohanagh@gmail.com"], "teamId": "Gypsies"},
{"meanScore": 0.0, "members": ["manumisra@live.com"], "teamId": "noobs"},
{"meanScore": 5.0, "members": ["arunasreereddy006@gmail.com"], "teamId": "crackers"},
{"meanScore": 65.0, "members": ["sriparnadas101@gmail.com"], "teamId": "Krypto"},
{"meanScore": 45.0, "members": ["saumya.awasthi2210@gmail.com"], "teamId": "crazycode"},
{"meanScore": 0.0, "members": ["bopubomdi@gmail.com"], "teamId": "moon_"},
{"meanScore": 60.0, "members": ["coolout.srivastava@gmail.com"], "teamId": "A_P_Z"},
{"meanScore": 275.5, "members": ["aeybee00@gmail.com"], "teamId": "Inovates"},
{"meanScore": 357.5, "members": ["rhnsharma999@gmail.com"], "teamId": "rohan999"},
{"meanScore": 0.0, "members": ["kaustubh.singh63@gmail.com"], "teamId": "Starks"},
{"meanScore": 20.0, "members": ["mariammal.cg@gmail.com"], "teamId": "3coders"},
{"meanScore": 63.75, "members": ["kohadahasan@gmail.com", "yash9parekh@gmail.com", "deekondamanish@gmail.com", "ngdeveloper3434@gmail.com"], "teamId": "Freaky_Coders"},
{"meanScore": 244.0, "members": ["ad733943@gmail.com", "rr66520@gmail.com", "theevil.ashish@gmail.com", "ritvikjain2@gmail.com"], "teamId": "Trojan"},
{"meanScore": 10.0, "members": ["aporvashukla_shankar@srmuniv.edu.in", "gopalak1999@gmail.com", "harshberry_pawan@srmuniv.edu.in"], "teamId": "anonymoushackers"},
{"meanScore": 94.16666666666667, "members": ["rvishwakarthik@gmail.com", "hiteshchrd@gmail.com", "harshdevyani31@gmail.com"], "teamId": "whitewalkers"},
{"meanScore": 147.5, "members": ["mohammedmoiz_mo@srmuniv.edu.in"], "teamId": "brocode"},
{"meanScore": 120.5, "members": ["vinay00sah@gmail.com", "bittu0103@gmail.com"], "teamId": "TROY02"},
{"meanScore": 117.5, "members": ["garg.shivam999@gmail.com", "yadhuksp@gmail.com", "rishabhgoel9797@gmail.com", "ankitkishore12@gmail.com"], "teamId": "kaleidoscope"},
{"meanScore": 0.0, "members": ["myselfsugam@gmail.com", "pratapraj056@gmail.com", "akshatuppal1@gmail.com", "ch.vipanchi@gmail.com"], "teamId": "Darkeagle"},
{"meanScore": 82.5, "members": ["nishantpal77@gmail.com", "snap43218@gmail.com", "chandranih96@gmail.com", "iamrahulgupta231@gmail.com"], "teamId": "DotStar"},
{"meanScore": 40.0, "members": ["hairiya.suvi@gmail.com", "yashtandon019@gmail.com", "mumuksh.bhargava@gmail.com", "vs851998@gmail.com"], "teamId": "catharsis"},
{"meanScore": 177.5, "members": ["nikkuagartaniya@gmail.com", "saransh808@gmail.com", "sgr.saini@gmail.com", "rajatairi_ra@srmuniv.edu.in"], "teamId": "code_for_fun"},
{"meanScore": 93.75, "members": ["naik.darsh729@gmail.com", "rk080299@gmail.com", "yash7121989@hotmail.com", "himanshu.rathod1998@gmail.com"], "teamId": "Clone_real"},
{"meanScore": 0.0, "members": ["456anubhav@gmail.com"], "teamId": "PIEDPIPER"},
{"meanScore": 0.0, "members": ["sreenivasarvind@gmail.com"], "teamId": "Dnivra"},
{"meanScore": 0.0, "members": ["coolhawk97@gmail.com"], "teamId": "Raging_Bulls"},
{"meanScore": 100.625, "members": ["mayankkhandelwal187@gmail.com", "iamkevadiarahul@gmail.com", "jenny24savani@gmail.com", "ayushirathi1981@gmail.com"], "teamId": "TechBinders"},
{"meanScore": 29.375, "members": ["h.malhotra990@gmail.com", "shreyaskar.srivastava@outlook.com", "somyaranjansahani@gmail.com", "tusharjaiswal_sanjay@srmuniv.edu.in"], "teamId": "Dexter"},
{"meanScore": 1.6666666666666667, "members": ["dvg199817@yahoo.in", "rajeevsumalayam@gmail.com", "prabhukaippillil@gmail.com"], "teamId": "White_Hacker"},
{"meanScore": 95.0, "members": ["tanaytoshniwal98@gmail.com"], "teamId": "AlphaBAT69"},
{"meanScore": 8.333333333333334, "members": ["getmymoon@gmail.com", "karthikeyan.k97@gmail.com", "sparklingaravind1997@gmail.com"], "teamId": "CodeGeekz"},
{"meanScore": 116.66666666666667, "members": ["arjun.mahishi@gmail.com", "abhishekuniyal09@gmail.com", "somnathfreak007@gmail.com"], "teamId": "Fnplus"},
{"meanScore": 50.0, "members": ["yash.tantia3@gmail.com"], "teamId": "YT666"},
{"meanScore": 40.625, "members": ["harsh.didwania@yahoo.com", "gbharatwaj@yahoo.com", "adithyatechpro@gmail.com", "ganesan.santhanam96@gmail.com"], "teamId": "CodeBusters"},
{"meanScore": 0.0, "members": ["architbhandari.ab8@gmail.com"], "teamId": "Diamonds"},
{"meanScore": 215.0, "members": ["smilewithsiddharth@gmail.com", "nihalanisumit@gmail.com", "ayushverma111@gmail.com", "amansharma33.as@gmail.com"], "teamId": "easyy"},
{"meanScore": 195.0, "members": ["mzm.moazam@gmail.com", "vishnu2981997@gmail.com", "ahmadfaheem981@gmail.com", "superbps26@gmail.com"], "teamId": "faado_bande"},
{"meanScore": 93.33333333333333, "members": ["achirapal06@gmail.com", "aakanksha.saini@gmail.com", "zoya.yasin@gmail.com"], "teamId": "A_to_Z_Coders"},
{"meanScore": 253.75, "members": ["akamet5707@gmail.com", "himaja97@gmail.com", "rishavguptarsm@gmail.com", "akworks01@gmail.com"], "teamId": "DECODERS"},
{"meanScore": 26.666666666666668, "members": ["antassinha007@gmail.com", "shubhamjain_satish@srmuniv.edu.in", "adityadev_vijay@srmuniv.edu.in"], "teamId": "charzard"},
{"meanScore": 156.25, "members": ["patnaikdinesh44@gmail.com", "nandiaranya18@gmail.com", "ababhirupbose21@gmail.com", "biswas.anuvab@gmail.com"], "teamId": "The_sapphire"},
{"meanScore": 107.5, "members": ["namangarg.work@gmail.com"], "teamId": "Naman"},
{"meanScore": 126.25, "members": ["hari.r.nallan@gmail.com", "ssaipavan1998@gmail.com"], "teamId": "Shoot_the_bugs"},
{"meanScore": 5.0, "members": ["shubhamgupta.3949@gmail.com", "mrinmaykumardas@gmail.com", "sinha.himanshu8697@gmail.com", "mks21998@gmail.com"], "teamId": "Codebusters"},
{"meanScore": 22.5, "members": ["s.arunachalamsiva24@gmail.com", "dpkvshl@gmail.com", "vickyarvind210@gmail.com", "abiram.vyas@gmail.com"], "teamId": "NP_Complete"},
{"meanScore": 0.0, "members": ["mihirkhandelwal36@gmail.com"], "teamId": "mihir"},
{"meanScore": 0.0, "members": ["nikilalakunta09031999@gmail.com"], "teamId": "coder_raze"},
{"meanScore": 80.0, "members": ["rushanmukherjee@gmail.com", "tammydaxx2015@gmail.com"], "teamId": "Psyc_squad"},
{"meanScore": 155.0, "members": ["shubamsrmite@gmail.com", "kimothiaman@gmail.com"], "teamId": "crusaders"},
{"meanScore": 247.5, "members": ["ankitbhanja79@gmail.com", "aaditya610@gmail.com", "haqueahmer@gmail.com", "jonam1997@gmail.com"], "teamId": "Red_hack"},
{"meanScore": 168.33333333333334, "members": ["vijaaykumaaresan@gmail.com", "mrak4123@gmail.com", "arjun_aravind98@yahoo.in"], "teamId": "Code_Worms"},
{"meanScore": 173.33333333333334, "members": ["pspbot7@gmail.com", "punk.suman422@gmail.com", "kr.anand.srm@gmail.com"], "teamId": "bot_psa"},
{"meanScore": 35.0, "members": ["abhishikakn@gmail.com"], "teamId": "Aeybee"},
{"meanScore": 205.0, "members": ["vatsalkhandelwal.96@gmail.com"], "teamId": "myteam"},
{"meanScore": 17.5, "members": ["venkateshnaidu_na@srmuniv.edu.in", "sharmashivamlko47@gmail.com"], "teamId": "Code_Breakers"},
{"meanScore": 73.75, "members": ["tanayaj1998@gmail.com", "samy1541998@gmail.com", "vsomani2@gmail.com", "mailtoproma@gmail.com"], "teamId": "spectra"},
{"meanScore": 199.375, "members": ["ap2205@gmail.com", "dipika.rajesh@gmail.com", "keshavaditya26896@gmail.com", "bharatgoel36@gmail.com"], "teamId": "Byte_Me"},
{"meanScore": 0.0, "members": ["vsdhans@gmail.com", "srivastavaniyer@gmail.com", "durbha.neelesh99@ymail.com", "richrikhil@gmail.com"], "teamId": "Code_preneurs"},
{"meanScore": 0.0, "members": ["bittusaurav333@gmail.com", "reumaakhtar@gmail.com", "tarushi.dhiman@gmail.com"], "teamId": "codelovers151619"},
{"meanScore": 153.75, "members": ["menonakhil90@gmail.com", "adarshm97@outlook.com", "akashsara69@gmail.com", "jashaulkumar@yahoo.com"], "teamId": "Lazy_Tomato_Studios"},
{"meanScore": 93.33333333333333, "members": ["ishanalways@gmail.com", "elaserph17@gmail.com", "anant.srivastava1508@gmail.com"], "teamId": "Code_warriors"},
{"meanScore": 0.0, "members": ["sindhu0598@gmail.com", "reddymadhuri035@gmail.com", "pavanreddy0611@gmail.com"], "teamId": "GPREC"},
{"meanScore": 2.5, "members": ["divyarangarajan1512@gmail.com", "ananyasundar21@gmail.com"], "teamId": "CODEWORMS_1521"},
{"meanScore": 0.0, "members": ["sergiokunagureo@gmail.com", "killermachine7@icloud.com", "msnithinncool@gmail.com"], "teamId": "AnonOps"},
{"meanScore": 94.16666666666667, "members": ["rajeshsvce10@gmail.com", "mspsuryaprakash1996@gmail.com", "tamizhad@gmail.com"], "teamId": "Mutants"},
{"meanScore": 22.5, "members": ["shammo.ghosal@outlook.com", "anubhavbera_diganta@srmuniv.edu.in", "parthapratimnath_p@srmuniv.edu.in", "abhinaba_abhijit@srmuniv.edu.in"], "teamId": "anonymous"},
{"meanScore": 16.25, "members": ["monuabhaysv@hackermail.com", "thinkervipin@gmail.com"], "teamId": "BlackFly"},
{"meanScore": 55.0, "members": ["avantikasarkar18@gmail.com"], "teamId": "icaniwill"},
{"meanScore": 75.0, "members": ["nikitagupta25@outlook.com", "nupstan@gmail.com"], "teamId": "n_squared"},
{"meanScore": 66.66666666666667, "members": ["tarunsharma2234@gmail.com", "stant581@gmail.com", "thedexterinc@gmail.com"], "teamId": "First_try"},
{"meanScore": 50.0, "members": ["codedbylakshmi@gmail.com", "saditya_rs@srmuniv.edu.in"], "teamId": "codedbyLakshmi"},
{"meanScore": 96.33333333333333, "members": ["shangkaul@gmail.com", "yaggarwal58@gmail.com", "sahil99.qur@gmail.com"], "teamId": "SRM_dora"},
{"meanScore": 137.5, "members": ["mukherjeeabhisek03@gmail.com", "utsav.nandi@gmail.com", "abhijitmondal53@gmail.com"], "teamId": "bongs"},
{"meanScore": 12.5, "members": ["allenchristo@gmail.com", "transphotonic@gmail.com"], "teamId": "Hack_A_Doodle_Doo"},
{"meanScore": 188.75, "members": ["saurabh.s.chheda@outlook.com", "prashantagarwal@live.in"], "teamId": "BruteForceTypeform"},
{"meanScore": 106.66666666666667, "members": ["mattavidhant@gmail.com", "rahulkrishnan221@gmail.com", "abarvindbedi@gmail.com"], "teamId": "CodeHex"}
]
